<addon id="repository.myrepo" name="SportApps" version="1.0.1" provider-name="Srdomy">
    <extension point="xbmc.addon.repository" name="My Repo">
        <dir>
            <info compressed="false">https://tuousername.github.io/repo/addons.xml</info>
            <checksum>https://tuousername.github.io/repo/addons.xml.md5</checksum>
            <datadir>https://tuousername.github.io/repo/</datadir>
        </dir>
    </extension>
    <extension point="xbmc.addon.metadata">
        <summary>Il mio repository</summary>
        <description>Repository per addon Kodi.</description>
        <platform>all</platform>
    </extension>
</addon>
